DROP TABLE IF EXISTS flows_flow CASCADE;
CREATE TABLE flows_flow (
    id SERIAL PRIMARY KEY,
    uuid character varying(36) NOT NULL,
    name character varying(128) NOT NULL
);

DROP TABLE IF EXISTS contacts_contact CASCADE;
CREATE TABLE contacts_contact (
    id SERIAL PRIMARY KEY,
    is_active boolean NOT NULL,
    status character varying(1) NOT NULL,
    created_by_id integer NOT NULL,
    created_on timestamp with time zone NOT NULL,
    modified_by_id integer NOT NULL,
    modified_on timestamp with time zone NOT NULL,
    last_seen_on timestamp with time zone,
    org_id integer NOT NULL,
    name character varying(128),
    language character varying(3),
    uuid character varying(36) NOT NULL,
    current_flow_id integer REFERENCES flows_flow(id),
    fields jsonb,
    ticket_count integer NOT NULL
);

DROP TABLE IF EXISTS contacts_contacturn CASCADE;
CREATE TABLE contacts_contacturn (
    id SERIAL PRIMARY KEY,
    contact_id integer,
    scheme character varying(128) NOT NULL,
    org_id integer NOT NULL,
    priority integer NOT NULL,
    path character varying(255) NOT NULL,
    channel_id integer,
    auth text,
    display character varying(255),
    identity character varying(255) NOT NULL
);

DROP TABLE IF EXISTS contacts_contactgroup CASCADE;
CREATE TABLE contacts_contactgroup (
    id SERIAL PRIMARY KEY,
    uuid character varying(36) NOT NULL,
    name character varying(128) NOT NULL
);

DROP TABLE IF EXISTS contacts_contactgroup_contacts CASCADE;
CREATE TABLE contacts_contactgroup_contacts (
    id SERIAL PRIMARY KEY,
    contactgroup_id integer NOT NULL REFERENCES contacts_contactgroup(id),
    contact_id integer NOT NULL REFERENCES contacts_contact(id)
);


DROP TABLE IF EXISTS flows_flowrun CASCADE;
CREATE TABLE flows_flowrun (
    id SERIAL PRIMARY KEY,
    uuid character varying(36) NOT NULL,
    flow_id integer REFERENCES flows_flow(id),
    contact_id integer REFERENCES contacts_contact(id)
);

INSERT INTO flows_flow(id, uuid, name) VALUES
(1, '6d3cf1eb-546e-4fb8-a5ca-69187648fbf6', 'Favorites'),
(2, '4eea8ff1-4fe2-4ce5-92a4-0870a499973a', 'Catch All');

-- Fields:
-- 17103bb1-1b48-4b70-92f7-1f6b73bd3488 - nickname (text)
-- 05bca1cd-e322-4837-9595-86d0d85e5adb - age (numeric)
-- e0eac267-463a-4c00-9732-cab62df07b16 - joined_on (datetime)
-- 22d11697-edba-4186-b084-793e3b876379 - home_state (state)
-- fcab2439-861c-4832-aa54-0c97f38f24ab - home_district (district)
-- a551ade4-e5a0-4d83-b185-53b515ad2f2a - home_ward (ward)

INSERT INTO contacts_contact(id, is_active, created_by_id, created_on, modified_by_id, modified_on, last_seen_on, org_id, status, name, language, uuid, fields, ticket_count, current_flow_id) VALUES
(
    1,  
    TRUE, -1, '2017-11-10 21:11:59.890662+00', -1, '2017-11-10 21:11:59.890662+00', '2020-08-04 21:11', 1, 'A', NULL, 'eng', 'c7a2dd87-a80e-420b-8431-ca48d422e924', 
    '{ "17103bb1-1b48-4b70-92f7-1f6b73bd3488": {"text": "the rock"}}', 
    2,
    NULL
),
(
    2,  
    TRUE, -1, '2015-03-26 10:07:14.054521+00', -1, '2015-03-26 10:07:14.054521+00', '2020-08-03 13:11', 1, 'S', NULL, NULL, '7a6606c7-ff41-4203-aa98-454a10d37209',
    '{ "05bca1cd-e322-4837-9595-86d0d85e5adb": {"text": "11", "number": 11 }}', 
    1,
    1
),
(
    3,  
    TRUE, -1, '2015-03-26 13:04:58.699648+00', -1, '2015-03-26 13:04:58.699648+00', '2018-05-04 21:11', 1, 'B', NULL, NULL, '29b45297-15ad-4061-a7d4-e0b33d121541', 
    '{ "05bca1cd-e322-4837-9595-86d0d85e5adb": {"text": "9", "number": 9 }, "e0eac267-463a-4c00-9732-cab62df07b16": { "text": "2018-04-06T18:37:59+00:00", "datetime": "2018-04-06T18:37:59+00:00"}}', 
    1,
    1
),
(
    4,  
    TRUE, -1, '2015-03-27 07:39:28.955051+00', -1, '2015-03-27 07:39:28.955051+00', '2015-12-31 23:59', 1, 'A', 'John Doe', NULL, '51762bba-01a2-4c4e-b5cd-b182d0405cd4', 
    '{ "05bca1cd-e322-4837-9595-86d0d85e5adb": {"text": "8888888888888888888888888888888888888888888888888888888888888888888888888888888888888888888888888888888888888888888888888888888888888888888888888888888888888888888888888888888888888888888888888888888888888888888888888888888888888888888888888888888888888888888888888888888888888888888888888888888888888888888888888888888888888888888888888888888888888888888888888888888888888888888888888888888888888888888888888888888888888888888888888888888888888888888888888888888888888888888888888888888888888888888888888888888888888888888888888888888888888888888888888888888888888888888888888888888888888888888888888888888888888888888888888888888888888888", "number": 8888888888888888888888888888888888888888888888888888888888888888888888888888888888888888888888888888888888888888888888888888888888888888888888888888888888888888888888888888888888888888888888888888888888888888888888888888888888888888888888888888888888888888888888888888888888888888888888888888888888888888888888888888888888888888888888888888888888888888888888888888888888888888888888888888888888888888888888888888888888888888888888888888888888888888888888888888888888888888888888888888888888888888888888888888888888888888888888888888888888888888888888888888888888888888888888888888888888888888888888888888888888888888888888888888888888888888 }, "e0eac267-463a-4c00-9732-cab62df07b16": { "text": "2030-04-06T18:37:59+00:00", "datetime": "2030-04-06T18:37:59+00:00"}}', 
    0,
    2
),
(
    5,  
    TRUE, -1, '2015-10-30 19:42:27.001837+00', -1, '2015-10-30 19:42:27.001837+00', '2020-08-04 21:11', 2, 'A', 'Ajodinabiff Dane', NULL, '3e814add-e614-41f7-8b5d-a07f670a698f', 
    '{ "22d11697-edba-4186-b084-793e3b876379": { "text": "USA > Washington", "state": "USA > Washington"} }', 
    0,
    NULL
),
(
    6,  
    TRUE, -1, '2017-11-10 21:11:59.890662+00', -1, '2017-11-10 21:11:59.890662+00', '2020-08-04 21:00', 2, 'A', 'Joanne Stone', NULL, '7051dff0-0a27-49d7-af1f-4494239139e6', 
    '{ "22d11697-edba-4186-b084-793e3b876379": { "text": "USA > Colorado", "state": "USA > Colorado"} }', 
    0,
    NULL
),
(
    7,  
    TRUE, -1, '2015-03-27 13:39:43.995812+00', -1, '2015-03-27 13:39:43.995812+00', NULL, 2, 'A', NULL, NULL, 'b46f6e18-95b4-4984-9926-dded047f4eb3', 
    '{ "fcab2439-861c-4832-aa54-0c97f38f24ab": { "text": "USA > Washington > King-C么unty", "district": "USA > Washington > King-C么unty"} }', 
    0,
    NULL
),
(
    8,  
    TRUE, -1, '2017-11-10 21:11:59.890662+00', -1, '2017-11-10 21:11:59.890662+00', NULL, 2, 'A', NULL, NULL, '9195c8b7-6138-4d84-ac56-5192cc3d8ceb', 
    '{ "a551ade4-e5a0-4d83-b185-53b515ad2f2a": { "text": "USA > Washington > King-C么unty > Central District", "ward": "USA > Washington > King-C么unty > Central District"} }', 
    0,
    NULL
),
(
    9, 
    TRUE, -1, '2016-08-22 14:20:05.690311+00', -1, '2016-08-22 14:20:05.690311+00', NULL, 2, 'A', NULL, NULL, '2b8bd28d-43e0-4c34-a4bb-0f10b11fdb8a', 
    '{ "fcab2439-861c-4832-aa54-0c97f38f24ab": { "text": "USA > Colorado > King", "district": "USA > Colorado > King"} }', 
    0,
    NULL
);

INSERT INTO contacts_contacturn(id, contact_id, scheme, org_id, priority, path, display, identity) VALUES
(1, 1, 'tel', 1, 50, '+12067791111', NULL, 'tel:+12067791111'),
(2, 1, 'tel', 1, 50, '+12067792222', NULL, 'tel:+12067792222'),
(3, 2, 'tel', 1, 50, '+12067794444', NULL, 'tel:+12067794444'),
(4, 3, 'tel', 1, 50, '+12067795555', NULL, 'tel:+12067795555'),
(5, 4, 'tel', 1, 50, '+12060000556', NULL, 'tel:+12067796666'),
(6, 5, 'tel', 2, 50, '+12060005577', NULL, 'tel:+12067797777'),
(7, 6, 'tel', 2, 50, '+12067798888', NULL, 'tel:+12067798888'),
(8, 7, 'viber', 2, 90, 'viberpath==', NULL, 'viber:viberpath=='),
(9, 8, 'facebook', 2, 90, 1000001, 'funguy', 'facebook:1000001'),
(10, 9, 'twitterid', 2, 90, 1000001, 'fungal', 'twitterid:1000001'),
(11, 10, 'whatsapp',  2, 90, 1000003, NULL, 'whatsapp:1000003');

INSERT INTO contacts_contactgroup(id, uuid, name) VALUES
(1, '4ea0f313-2f62-4e57-bdf0-232b5191dd57', 'Group 1'),
(2, '4c016340-468d-4675-a974-15cb7a45a5ab', 'Group 2'),
(3, 'e61b5bf7-8ddf-4e05-b0a8-4c46a6b68cff', 'Group 3'),
(4, '529bac39-550a-4d6f-817c-1833f3449007', 'Group 4');

INSERT INTO contacts_contactgroup_contacts(id, contact_id, contactgroup_id) VALUES
(1, 1, 1),
(2, 1, 4),
(3, 2, 4);

INSERT INTO flows_flowrun(id, uuid, flow_id, contact_id) VALUES
(1, '8b30ee61-e19d-427e-bb9f-4b8cd2c31d0c', 1, 1),
(2, '94639979-155e-444d-95e9-a39dad64dbd5', 1, 1),
(3, '74d918df-0e31-4547-98a9-5d765450e2ac', 2, 1),
(4, '14fdf8fc-6e02-4759-b9be-cacc5991cd14', 1, 2),
(5, '5171b4d8-e9bb-46c1-901e-53e13f3afe5d', 2, 2),
(6, '4cc84e32-910f-41d6-865d-63fe25db4cde', 1, 3);
